Name,Year,Rate,Level,Directors,Writers,Stars,Genres,Runtime,Country,Language,Budget,Box_Office_USA,Box_Office_World
The Shawshank Redemption,1994,9.3,IIB,Frank Darabont,Stephen King/Frank Darabont,Tim Robbins/Morgan Freeman/Bob Gunton/See full cast & crew,Drama,142 min,USA,English,"$25,000,000","$28,699,976","$28,817,291"
The Godfather,1972,9.2,IIB,Francis Ford Coppola,Mario Puzo/Francis Ford Coppola/1 more credit,Marlon Brando/Al Pacino/James Caan/See full cast & crew,Crime/Drama,175 min,USA,English/Italian/Latin,"$6,000,000","$134,966,411","$246,120,986"
The Godfather: Part II,1974,9.0,IIB,Francis Ford Coppola,Francis Ford Coppola/Mario Puzo/1 more credit,Al Pacino/Robert De Niro/Robert Duvall/See full cast & crew,Crime/Drama,202 min,USA,English/Italian/Spanish/Latin/Sicilian,"$13,000,000","$47,834,595","$48,035,783"
The Dark Knight,2008,9.0,IIB,Christopher Nolan,Jonathan Nolan/Christopher Nolan/3 more credits,Christian Bale/Heath Ledger/Aaron Eckhart/See full cast & crew,Action/Crime/Drama/Thriller,152 min,USA/UK,English/Mandarin,"$185,000,000","$534,858,444","$1,005,973,645"
12 Angry Men,1957,9.0,I,Sidney Lumet,Reginald Rose/Reginald Rose,Henry Fonda/Lee J. Cobb/Martin Balsam/See full cast & crew,Crime/Drama,96 min,USA,English,"$350,000",,$955
Schindler's List,1993,8.9,IIB,Steven Spielberg,Thomas Keneally/Steven Zaillian,Liam Neeson/Ralph Fiennes/Ben Kingsley/See full cast & crew,Biography/Drama/History,195 min,USA,English/Hebrew/German/Polish/Latin,"$22,000,000","$96,898,818","$322,161,245"
The Lord of the Rings: The Return of the King,2003,8.9,IIB,Peter Jackson,J.R.R. Tolkien/Fran Walsh/2 more credits,Elijah Wood/Viggo Mortensen/Ian McKellen/See full cast & crew,Action/Adventure/Drama/Fantasy,201 min,New Zealand/USA,English/Quenya/Old English/Sindarin,"$94,000,000","$377,845,905","$1,142,456,987"
Pulp Fiction,1994,8.9,III,Quentin Tarantino,Quentin Tarantino/Roger Avary/1 more credit,John Travolta/Uma Thurman/Samuel L. Jackson/See full cast & crew,Crime/Drama,154 min,USA,English/Spanish/French,"$8,000,000","$107,928,762","$213,928,762"
"Il buono, il brutto, il cattivo",1966,8.8,,Sergio Leone,Luciano Vincenzoni/Sergio Leone/4 more credits,Clint Eastwood/Eli Wallach/Lee Van Cleef/See full cast & crew,Western,161 min,Italy/Spain/West Germany/USA,Italian,"$1,200,000","$25,100,000","$25,253,751"
The Lord of the Rings: The Fellowship of the Ring,2001,8.8,IIB,Peter Jackson,J.R.R. Tolkien/Fran Walsh/2 more credits,Elijah Wood/Ian McKellen/Orlando Bloom/See full cast & crew,Action/Adventure/Drama/Fantasy,178 min,New Zealand/USA,English/Sindarin,"$93,000,000","$315,710,750","$888,368,777"
Fight Club,1999,8.8,IIB,David Fincher,Chuck Palahniuk/Jim Uhls,Brad Pitt/Edward Norton/Meat Loaf/See full cast & crew,Drama,139 min,Germany/USA,English,"$63,000,000","$37,030,102","$101,209,593"
Forrest Gump,1994,8.8,PG-13,Robert Zemeckis,Winston Groom/Eric Roth,Tom Hanks/Robin Wright/Gary Sinise/See full cast & crew,Drama/Romance,142 min,USA,English,"$55,000,000","$330,455,270","$678,226,133"
Inception,2010,8.8,IIB,Christopher Nolan,Christopher Nolan,Leonardo DiCaprio/Joseph Gordon-Levitt/Elliot Page/See full cast & crew,Action/Adventure/Sci-Fi/Thriller,148 min,USA/UK,English/Japanese/French,"$160,000,000","$292,576,195","$836,836,967"
The Lord of the Rings: The Two Towers,2002,8.7,IIB,Peter Jackson,J.R.R. Tolkien/Fran Walsh/3 more credits,Elijah Wood/Ian McKellen/Viggo Mortensen/See full cast & crew,Action/Adventure/Drama/Fantasy,179 min,New Zealand/USA,English/Sindarin/Old English,"$94,000,000","$342,551,365","$943,405,795"
Star Wars: Episode V - The Empire Strikes Back,1980,8.7,I,Irvin Kershner,Leigh Brackett/Lawrence Kasdan/1 more credit,Mark Hamill/Harrison Ford/Carrie Fisher/See full cast & crew,Action/Adventure/Fantasy/Sci-Fi,124 min,USA/UK,English,"$18,000,000","$292,753,960","$538,375,067"
The Matrix,1999,8.7,IIB,Lana Wachowski/Lilly Wachowski,Lilly Wachowski/Lana Wachowski,Keanu Reeves/Laurence Fishburne/Carrie-Anne Moss/See full cast & crew,Action/Sci-Fi,136 min,USA,English,"$63,000,000","$171,479,930","$466,364,682"
Goodfellas,1990,8.7,IIB,Martin Scorsese,Nicholas Pileggi/Nicholas Pileggi/1 more credit,Robert De Niro/Ray Liotta/Joe Pesci/See full cast & crew,Biography/Crime/Drama,146 min,USA,English/Italian,"$25,000,000","$46,836,214","$46,952,991"
One Flew Over the Cuckoo's Nest,1975,8.7,,Milos Forman,Lawrence Hauben/Bo Goldman/2 more credits,Jack Nicholson/Louise Fletcher/Michael Berryman/See full cast & crew,Drama,133 min,USA,English,"$3,000,000","$108,981,275","$108,997,629"
Shichinin no samurai,1954,8.6,,Akira Kurosawa,Akira Kurosawa/Shinobu Hashimoto/1 more credit,Toshirô Mifune/Takashi Shimura/Keiko Tsushima/See full cast & crew,Action/Adventure/Drama,207 min,Japan,Japanese,"JPY125,000,000","$318,649","$322,773"
Se7en,1995,8.6,IIB,David Fincher,Andrew Kevin Walker,Morgan Freeman/Brad Pitt/Kevin Spacey/See full cast & crew,Crime/Drama/Mystery/Thriller,127 min,USA,English,"$33,000,000","$100,125,643","$327,333,559"
La vita è bella,1997,8.6,IIA,Roberto Benigni,Vincenzo Cerami/Roberto Benigni/2 more credits,Roberto Benigni/Nicoletta Braschi/Giorgio Cantarini/See full cast & crew,Comedy/Drama/Romance/War,116 min,Italy,Italian/German/English,"$20,000,000","$57,563,264","$230,098,753"
Cidade de Deus,2002,8.6,III,Fernando Meirelles/Kátia Lund,Paulo Lins/Bráulio Mantovani,Alexandre Rodrigues/Leandro Firmino/Matheus Nachtergaele/See full cast & crew,Crime/Drama,130 min,Brazil/France/Germany,Portuguese,"BRL3,300,000","$7,564,459","$30,680,793"
The Silence of the Lambs,1991,8.6,III,Jonathan Demme,Thomas Harris/Ted Tally,Jodie Foster/Anthony Hopkins/Lawrence A. Bonney/See full cast & crew,Crime/Drama/Thriller,118 min,USA,English/Latin,"$19,000,000","$130,742,922","$272,742,922"
It's a Wonderful Life,1946,8.6,PG,Frank Capra,Frances Goodrich/Albert Hackett/3 more credits,James Stewart/Donna Reed/Lionel Barrymore/See full cast & crew,Drama/Family/Fantasy,130 min,USA,English/French,"$3,180,000","$44,000","$6,184,298"
Star Wars,1977,8.6,I,George Lucas,George Lucas,Mark Hamill/Harrison Ford/Carrie Fisher/See full cast & crew,Action/Adventure/Fantasy/Sci-Fi,121 min,USA/UK,English,"$11,000,000","$460,998,507","$775,398,007"
Saving Private Ryan,1998,8.6,IIB,Steven Spielberg,Robert Rodat,Tom Hanks/Matt Damon/Tom Sizemore/See full cast & crew,Drama/War,169 min,USA,English/French/German/Czech,"$70,000,000","$217,049,603","$482,349,603"
The Green Mile,1999,8.6,IIB,Frank Darabont,Stephen King/Frank Darabont,Tom Hanks/Michael Clarke Duncan/David Morse/See full cast & crew,Crime/Drama/Fantasy/Mystery,189 min,USA,English/French,"$60,000,000","$136,801,374","$286,801,374"
Sen to Chihiro no kamikakushi,2001,8.6,I,Hayao Miyazaki,Hayao Miyazaki,Daveigh Chase/Suzanne Pleshette/Miyu Irino/See full cast & crew,Animation/Adventure/Family/Fantasy/Mystery,125 min,Japan/USA,Japanese,"$19,000,000","$13,750,644","$355,475,917"
Interstellar,2014,8.6,IIA,Christopher Nolan,Jonathan Nolan/Christopher Nolan,Matthew McConaughey/Anne Hathaway/Jessica Chastain/See full cast & crew,Adventure/Drama/Sci-Fi,169 min,USA/UK/Canada,English,"$165,000,000","$188,020,017","$701,729,127"
Gisaengchung,2019,8.6,IIB,Bong Joon Ho,Bong Joon Ho/Bong Joon Ho/1 more credit,Kang-ho Song/Lee Sun-kyun/Yeo-jeong Cho/See full cast & crew,Comedy/Drama/Thriller,132 min,South Korea,Korean/English,"$11,400,000","$53,369,749","$258,821,568"
Léon,1994,8.5,R,Luc Besson,Luc Besson,Jean Reno/Gary Oldman/Natalie Portman/See full cast & crew,Action/Crime/Drama/Thriller,110 min,France/USA,English/Italian/French,"FRF115,000,000","$19,501,238","$19,552,639"
Seppuku,1962,8.6,,Masaki Kobayashi,Yasuhiko Takiguchi/Shinobu Hashimoto,Tatsuya Nakadai/Akira Ishihama/Shima Iwashita/See full cast & crew,Action/Drama/Mystery,133 min,Japan,Japanese,,,"$15,222"
The Usual Suspects,1995,8.5,IIB,Bryan Singer,Christopher McQuarrie,Kevin Spacey/Gabriel Byrne/Chazz Palminteri/See full cast & crew,Crime/Mystery/Thriller,106 min,USA/Germany,English/Hungarian/Spanish/French,"$6,000,000","$23,341,568","$23,341,568"
The Lion King,1994,8.5,I,Roger Allers/Rob Minkoff,Irene Mecchi/Jonathan Roberts/27 more credits,Matthew Broderick/Jeremy Irons/James Earl Jones/See full cast & crew,Animation/Adventure/Drama/Family/Musical,88 min,USA,English/Swahili/Xhosa/Zulu,"$45,000,000","$422,783,777","$1,083,720,877"
The Pianist,2002,8.5,IIA,Roman Polanski,Ronald Harwood/Wladyslaw Szpilman,Adrien Brody/Thomas Kretschmann/Frank Finlay/See full cast & crew,Biography/Drama/Music/War,150 min,UK/France/Poland/Germany/USA,English/German/Russian,"$35,000,000","$32,572,577","$120,072,577"
Back to the Future,1985,8.5,,Robert Zemeckis,Robert Zemeckis/Bob Gale,Michael J. Fox/Christopher Lloyd/Lea Thompson/See full cast & crew,Adventure/Comedy/Sci-Fi,116 min,USA,English,"$19,000,000","$211,406,762","$381,109,762"
Terminator 2: Judgment Day,1991,8.5,II,James Cameron,James Cameron/William Wisher,Arnold Schwarzenegger/Linda Hamilton/Edward Furlong/See full cast & crew,Action/Sci-Fi,137 min,USA/France,English/Spanish,"$102,000,000","$205,881,154","$520,881,154"
American History X,1998,8.5,IIB,Tony Kaye,David McKenna,Edward Norton/Edward Furlong/Beverly D'Angelo/See full cast & crew,Drama,119 min,USA,English,"$20,000,000","$6,719,864","$23,875,127"
Modern Times,1936,8.5,,Charles Chaplin,Charles Chaplin,Charles Chaplin/Paulette Goddard/Henry Bergman/See full cast & crew,Comedy/Drama/Family/Romance,87 min,USA,English,"$1,500,000","$163,577","$457,688"
Gladiator,2000,8.5,IIB,Ridley Scott,David Franzoni/David Franzoni/2 more credits,Russell Crowe/Joaquin Phoenix/Connie Nielsen/See full cast & crew,Action/Adventure/Drama,155 min,USA/UK/Malta/Morocco,English,"$103,000,000","$187,705,427","$465,364,545"
Psycho,1960,8.5,R,Alfred Hitchcock,Joseph Stefano/Robert Bloch,Anthony Perkins/Janet Leigh/Vera Miles/See full cast & crew,Horror/Mystery/Thriller,109 min,USA,English,"$806,947","$32,000,000","$32,040,242"
The Departed,2006,8.5,IIB,Martin Scorsese,William Monahan/Alan Mak/1 more credit,Leonardo DiCaprio/Matt Damon/Jack Nicholson/See full cast & crew,Crime/Drama/Thriller,151 min,USA/Hong Kong,English/Cantonese,"$90,000,000","$132,384,315","$291,465,373"
City Lights,1931,8.5,G,Charles Chaplin,Charles Chaplin,Charles Chaplin/Virginia Cherrill/Florence Lee/See full cast & crew,Comedy/Drama/Romance,87 min,USA,None/English,"$1,500,000","$19,181","$46,008"
The Intouchables,2011,8.5,IIB,Olivier Nakache/Éric Toledano,Olivier Nakache/Philippe Pozzo di Borgo/1 more credit,François Cluzet/Omar Sy/Anne Le Ny/See full cast & crew,Biography/Comedy/Drama,112 min,France,French/English,"EUR9,500,000","$10,198,820","$426,588,510"
Whiplash,2014,8.5,IIB,Damien Chazelle,Damien Chazelle,Miles Teller/J.K. Simmons/Melissa Benoist/See full cast & crew,Drama/Music,106 min,USA,English,"$3,300,000","$13,092,000","$49,396,747"
Hotaru no haka,1988,8.5,IIA,Isao Takahata,Akiyuki Nosaka/Isao Takahata,Tsutomu Tatsumi/Ayano Shiraishi/Akemi Yamaguchi/See full cast & crew,Animation/Drama/War,89 min,Japan/USA,Japanese,"$3,700,000","$516,962","$516,962"
The Prestige,2006,8.5,IIA,Christopher Nolan,Jonathan Nolan/Christopher Nolan/1 more credit,Christian Bale/Hugh Jackman/Scarlett Johansson/See full cast & crew,Drama/Mystery/Sci-Fi/Thriller,130 min,UK/USA,English,"$40,000,000","$53,089,891","$109,676,311"
Once Upon a Time in the West,1968,8.5,II,Sergio Leone,Sergio Donati/Sergio Leone/3 more credits,Henry Fonda/Charles Bronson/Claudia Cardinale/See full cast & crew,Western,165 min,Italy/USA,English/Italian/Spanish,"$5,000,000","$5,321,508","$5,415,645"
Casablanca,1942,8.5,IIA,Michael Curtiz,Julius J. Epstein/Philip G. Epstein/3 more credits,Humphrey Bogart/Ingrid Bergman/Paul Henreid/See full cast & crew,Drama/Romance/War,102 min,USA,English/French/German/Italian,"$950,000","$4,108,411","$4,376,287"
Nuovo Cinema Paradiso,1988,8.5,IIB,Giuseppe Tornatore,Giuseppe Tornatore/Giuseppe Tornatore/2 more credits,Philippe Noiret/Enzo Cannavale/Antonella Attili/See full cast & crew,Drama/Romance,155 min,Italy/France,Italian,"$5,000,000","$12,397,210","$13,019,063"
Rear Window,1954,8.4,PG,Alfred Hitchcock,John Michael Hayes/Cornell Woolrich,James Stewart/Grace Kelly/Wendell Corey/See full cast & crew,Mystery/Thriller,112 min,USA,English,"$1,000,000","$36,764,313","$37,034,514"
Alien,1979,8.4,IIB,Ridley Scott,Dan O'Bannon/Dan O'Bannon/1 more credit,Sigourney Weaver/Tom Skerritt/John Hurt/See full cast & crew,Horror/Sci-Fi,117 min,UK/USA,English,"$11,000,000","$81,900,459","$106,285,522"
Apocalypse Now,1979,8.4,R,Francis Ford Coppola,John Milius/Francis Ford Coppola/1 more credit,Martin Sheen/Marlon Brando/Robert Duvall/See full cast & crew,Drama/Mystery/War,147 min,USA,English/French/Vietnamese,"$31,500,000","$83,471,511","$92,144,505"
Memento,2000,8.4,IIB,Christopher Nolan,Christopher Nolan/Jonathan Nolan,Guy Pearce/Carrie-Anne Moss/Joe Pantoliano/See full cast & crew,Mystery/Thriller,113 min,USA,English,"$9,000,000","$25,544,867","$40,047,078"
The Great Dictator,1940,8.4,,Charles Chaplin,Charles Chaplin,Charles Chaplin/Paulette Goddard/Jack Oakie/See full cast & crew,Comedy/Drama/War,125 min,USA,English/Esperanto,"$2,000,000",,"$969,879"
Raiders of the Lost Ark,1981,8.4,II,Steven Spielberg,Lawrence Kasdan/George Lucas/1 more credit,Harrison Ford/Karen Allen/Paul Freeman/See full cast & crew,Action/Adventure,115 min,USA/UK,English/German/Hebrew/Spanish/Arabic/Nepali,"$18,000,000","$248,159,971","$389,925,971"
Django Unchained,2012,8.4,III,Quentin Tarantino,Quentin Tarantino,Jamie Foxx/Christoph Waltz/Leonardo DiCaprio/See full cast & crew,Drama/Western,165 min,USA,English/German/French/Italian,"$100,000,000","$162,805,434","$425,368,238"
Hamilton,2020,8.5,PG-13,Thomas Kail,Lin-Manuel Miranda/Ron Chernow,Lin-Manuel Miranda/Phillipa Soo/Leslie Odom Jr./See full cast & crew,Biography/Drama/History/Musical,160 min,USA,English,,,
The Lives of Others,2006,8.4,IIB,Florian Henckel von Donnersmarck,Florian Henckel von Donnersmarck,Ulrich Mühe/Martina Gedeck/Sebastian Koch/See full cast & crew,Drama/Mystery/Thriller,137 min,Germany/France,German,"$2,000,000","$11,286,112","$77,356,942"
Paths of Glory,1957,8.4,,Stanley Kubrick,Stanley Kubrick/Calder Willingham/2 more credits,Kirk Douglas/Ralph Meeker/Adolphe Menjou/See full cast & crew,Drama/War,88 min,USA,English/German/Latin,"$935,000",,"$5,252"
Joker,2019,8.4,IIB,Todd Phillips,Todd Phillips/Scott Silver/3 more credits,Joaquin Phoenix/Robert De Niro/Zazie Beetz/See full cast & crew,Crime/Drama/Thriller,122 min,USA/Canada,English,"$55,000,000","$335,451,311","$1,074,251,311"
WALL·E,2008,8.4,I,Andrew Stanton,Andrew Stanton/Pete Docter/2 more credits,Ben Burtt/Elissa Knight/Jeff Garlin/See full cast & crew,Animation/Adventure/Family/Sci-Fi,98 min,USA,English,"$180,000,000","$223,808,164","$521,311,890"
The Shining,1980,8.4,III,Stanley Kubrick,Stephen King/Stanley Kubrick/1 more credit,Jack Nicholson/Shelley Duvall/Danny Lloyd/See full cast & crew,Drama/Horror,144 min,UK/USA,English,"$19,000,000","$45,332,952","$46,998,462"
Avengers: Infinity War,2018,8.4,IIA,Anthony Russo/Joe Russo,Christopher Markus/Stephen McFeely/14 more credits,Robert Downey Jr./Chris Hemsworth/Mark Ruffalo/See full cast & crew,Action/Adventure/Sci-Fi,149 min,USA,English,"$321,000,000","$678,815,482","$2,048,359,754"
Sunset Blvd.,1950,8.4,,Billy Wilder,Charles Brackett/Billy Wilder/1 more credit,William Holden/Gloria Swanson/Erich von Stroheim/See full cast & crew,Drama/Film-Noir,110 min,USA,English,"$1,752,000","$299,645","$300,073"
Witness for the Prosecution,1957,8.4,,Billy Wilder,Agatha Christie/Billy Wilder/2 more credits,Tyrone Power/Marlene Dietrich/Charles Laughton/See full cast & crew,Crime/Drama/Mystery/Thriller,116 min,USA,English/German,"$3,000,000",,"$7,693"
Oldeuboi,2003,8.4,III,Chan-wook Park,Garon Tsuchiya/Nobuaki Minegishi/4 more credits,Choi Min-sik/Yoo Ji-Tae/Kang Hye-jeong/See full cast & crew,Action/Drama/Mystery/Thriller,120 min,South Korea,Korean,"$3,000,000","$707,481","$15,002,116"
Spider-Man: Into the Spider-Verse,2018,8.4,IIA,Bob Persichetti/Peter Ramsey/1 more credit,Phil Lord/Rodney Rothman/1 more credit,Shameik Moore/Jake Johnson/Hailee Steinfeld/See full cast & crew,Animation/Action/Adventure/Family/Sci-Fi,117 min,USA,English/Spanish,"$90,000,000","$190,241,310","$375,540,831"
Mononoke-hime,1997,8.4,IIA,Hayao Miyazaki,Hayao Miyazaki/Neil Gaiman/1 more credit,Yôji Matsuda/Yuriko Ishida/Yûko Tanaka/See full cast & crew,Animation/Action/Adventure/Fantasy,134 min,Japan/USA,Japanese,"JPY2,400,000,000","$4,845,631","$169,785,704"
Dr. Strangelove or: How I Learned to Stop Worrying and Love the Bomb,1964,8.4,IIA,Stanley Kubrick,Stanley Kubrick/Terry Southern/2 more credits,Peter Sellers/George C. Scott/Sterling Hayden/See full cast & crew,Comedy,95 min,UK/USA,English/Russian,"$1,800,000","$9,440,272","$9,443,876"
The Dark Knight Rises,2012,8.4,IIA,Christopher Nolan,Jonathan Nolan/Christopher Nolan/3 more credits,Christian Bale/Tom Hardy/Anne Hathaway/See full cast & crew,Action/Adventure,164 min,UK/USA,English/Arabic,"$250,000,000","$448,139,099","$1,081,142,612"
Once Upon a Time in America,1984,8.4,III,Sergio Leone,Harry Grey/Leonardo Benvenuti/6 more credits,Robert De Niro/James Woods/Elizabeth McGovern/See full cast & crew,Crime/Drama,229 min,Italy/USA,English/Italian/French/Yiddish/Hebrew,"$30,000,000","$5,321,508","$5,472,914"
Kimi no na wa.,2016,8.4,I,Makoto Shinkai,Makoto Shinkai/Makoto Shinkai/1 more credit,Ryûnosuke Kamiki/Mone Kamishiraishi/Ryô Narita/See full cast & crew,Animation/Drama/Fantasy/Romance,106 min,Japan,Japanese,"JPY370,000,000","$5,017,246","$358,922,706"
Aliens,1986,8.3,IIB,James Cameron,James Cameron/David Giler/4 more credits,Sigourney Weaver/Michael Biehn/Carrie Henn/See full cast & crew,Action/Adventure/Sci-Fi/Thriller,137 min,UK/USA,English,"$18,500,000","$85,160,248","$131,060,248"
Coco,2017,8.4,I,Lee Unkrich/Adrian Molina,Lee Unkrich/Jason Katz/4 more credits,Anthony Gonzalez/Gael García Bernal/Benjamin Bratt/See full cast & crew,Animation/Adventure/Family/Fantasy/Music/Mystery,105 min,USA/Mexico,English/Spanish,"$175,000,000","$210,460,015","$807,817,888"
Avengers: Endgame,2019,8.4,IIA,Anthony Russo/Joe Russo,Christopher Markus/Stephen McFeely/14 more credits,Robert Downey Jr./Chris Evans/Mark Ruffalo/See full cast & crew,Action/Adventure/Drama/Sci-Fi,181 min,USA,English/Japanese/Xhosa/German,"$356,000,000","$858,373,000","$2,797,800,564"
American Beauty,1999,8.3,III,Sam Mendes,Alan Ball,Kevin Spacey/Annette Bening/Thora Birch/See full cast & crew,Drama,122 min,USA,English,"$15,000,000","$130,096,601","$356,296,601"
Capharnaüm,2018,8.4,IIB,Nadine Labaki,Nadine Labaki/Jihad Hojeily/3 more credits,Zain Al Rafeea/Yordanos Shiferaw/Boluwatife Treasure Bankole/See full cast & crew,Drama,126 min,Lebanon/USA/France/Cyprus/Qatar/UK,Arabic/Amharic,"$4,000,000","$1,661,096","$64,417,003"
Braveheart,1995,8.3,IIB,Mel Gibson,Randall Wallace,Mel Gibson/Sophie Marceau/Patrick McGoohan/See full cast & crew,Biography/Drama/History/War,178 min,USA,English/French/Latin/Scottish Gaelic/Italian,"$72,000,000","$75,609,945","$212,215,441"
Das Boot,1981,8.3,R,Wolfgang Petersen,Wolfgang Petersen/Lothar G. Buchheim,Jürgen Prochnow/Herbert Grönemeyer/Klaus Wennemann/See full cast & crew,Adventure/Drama/Thriller/War,149 min,West Germany,German,"DEM32,000,000","$11,487,676","$11,487,676"
Toy Story,1995,8.3,I,John Lasseter,John Lasseter/Pete Docter/6 more credits,Tom Hanks/Tim Allen/Don Rickles/See full cast & crew,Animation/Adventure/Comedy/Family/Fantasy,81 min,USA,English,"$30,000,000","$223,225,679","$373,554,033"
3 Idiots,2009,8.4,IIA,Rajkumar Hirani,Rajkumar Hirani/Abhijat Joshi/3 more credits,Aamir Khan/Madhavan/Mona Singh/See full cast & crew,Comedy/Drama,170 min,India,Hindi/English,"INR550,000,000","$6,532,874","$60,262,836"
Tengoku to jigoku,1963,8.4,,Akira Kurosawa,Hideo Oguni/Ryûzô Kikushima/3 more credits,Toshirô Mifune/Yutaka Sada/Tatsuya Nakadai/See full cast & crew,Crime/Drama/Mystery/Thriller,143 min,Japan,Japanese,,"$46,808","$46,808"
Amadeus,1984,8.3,II,Milos Forman,Peter Shaffer/Peter Shaffer,F. Murray Abraham/Tom Hulce/Elizabeth Berridge/See full cast & crew,Biography/Drama/History/Music,160 min,USA/France/Czechoslovakia/Italy,English/Italian/Latin/German,"$18,000,000","$51,973,029","$52,066,791"
Inglourious Basterds,2009,8.3,III,Quentin Tarantino,Quentin Tarantino,Brad Pitt/Diane Kruger/Eli Roth/See full cast & crew,Adventure/Drama/War,153 min,USA/Germany,English/German/French/Italian,"$70,000,000","$120,540,719","$321,457,747"
Star Wars: Episode VI - Return of the Jedi,1983,8.3,I,Richard Marquand,Lawrence Kasdan/George Lucas/1 more credit,Mark Hamill/Harrison Ford/Carrie Fisher/See full cast & crew,Action/Adventure/Fantasy/Sci-Fi,131 min,USA/UK,English,"$32,500,000","$309,306,177","$475,106,177"
Good Will Hunting,1997,8.3,R,Gus Van Sant,Matt Damon/Ben Affleck,Robin Williams/Matt Damon/Ben Affleck/See full cast & crew,Drama/Romance,126 min,USA,English,"$10,000,000","$138,433,435","$225,933,435"
Taare Zameen Par,2007,8.4,PG,Aamir Khan/Amole Gupte,Amole Gupte/Amole Gupte,Darsheel Safary/Aamir Khan/Tisca Chopra/See full cast & crew,Drama/Family,165 min,India,Hindi,,"$1,223,869","$21,897,373"
Reservoir Dogs,1992,8.3,III,Quentin Tarantino,Quentin Tarantino/Quentin Tarantino/1 more credit,Harvey Keitel/Tim Roth/Michael Madsen/See full cast & crew,Crime/Drama/Thriller,99 min,USA,English,"$1,200,000","$2,832,029","$2,890,589"
2001: A Space Odyssey,1968,8.3,I,Stanley Kubrick,Stanley Kubrick/Arthur C. Clarke,Keir Dullea/Gary Lockwood/William Sylvester/See full cast & crew,Adventure/Sci-Fi,149 min,UK/USA,English/Russian,"$12,000,000","$60,405,931","$65,790,509"
Requiem for a Dream,2000,8.3,III,Darren Aronofsky,Hubert Selby Jr./Hubert Selby Jr./1 more credit,Ellen Burstyn/Jared Leto/Jennifer Connelly/See full cast & crew,Drama,102 min,USA,English,"$4,500,000","$3,635,482","$7,390,108"
Vertigo,1958,8.3,PG,Alfred Hitchcock,Alec Coppel/Samuel A. Taylor/2 more credits,James Stewart/Kim Novak/Barbara Bel Geddes/See full cast & crew,Mystery/Romance/Thriller,128 min,USA,English,"$2,479,000","$7,705,225","$7,797,300"
M - Eine Stadt sucht einen Mörder,1931,8.3,,Fritz Lang,Thea von Harbou/Fritz Lang,Peter Lorre/Ellen Widmann/Inge Landgut/See full cast & crew,Crime/Mystery/Thriller,117 min,Germany,German,,"$35,566","$35,566"
Jagten,2012,8.3,III,Thomas Vinterberg,Tobias Lindholm/Thomas Vinterberg,Mads Mikkelsen/Thomas Bo Larsen/Annika Wedderkopp/See full cast & crew,Drama,115 min,Denmark/Sweden,Danish/English/Polish,"$3,800,000","$613,308","$15,843,274"
Eternal Sunshine of the Spotless Mind,2004,8.3,IIB,Michel Gondry,Charlie Kaufman/Michel Gondry/2 more credits,Jim Carrey/Kate Winslet/Tom Wilkinson/See full cast & crew,Drama/Romance/Sci-Fi,108 min,USA,English,"$20,000,000","$34,400,301","$74,036,715"
Citizen Kane,1941,8.3,PG,Orson Welles,Herman J. Mankiewicz/Orson Welles,Orson Welles/Joseph Cotten/Dorothy Comingore/See full cast & crew,Drama/Mystery,119 min,USA,English/Italian,"$839,727","$1,585,634","$1,600,719"
Dangal,2016,8.4,IIA,Nitesh Tiwari,Piyush Gupta/Shreyas Jain/3 more credits,Aamir Khan/Sakshi Tanwar/Fatima Sana Shaikh/See full cast & crew,Action/Biography/Drama/Sport,161 min,USA/UK/Australia/Kenya/Namibia/India,Hindi/English,"INR700,000,000","$12,391,761","$303,723,636"
Singin' in the Rain,1952,8.3,G,Stanley Donen/Gene Kelly,Betty Comden/Adolph Green,Gene Kelly/Donald O'Connor/Debbie Reynolds/See full cast & crew,Comedy/Musical/Romance,103 min,USA,English,"$2,540,800","$1,826,108","$1,865,056"
Ladri di biciclette,1948,8.3,,Vittorio De Sica,Cesare Zavattini/Luigi Bartolini/7 more credits,Lamberto Maggiorani/Enzo Staiola/Lianella Carell/See full cast & crew,Drama,89 min,Italy,Italian/English/German,"$133,000","$371,111","$428,978"
Full Metal Jacket,1987,8.3,III,Stanley Kubrick,Stanley Kubrick/Michael Herr/2 more credits,Matthew Modine/R. Lee Ermey/Vincent D'Onofrio/See full cast & crew,Drama/War,116 min,UK/USA,English/Vietnamese,"$30,000,000","$46,357,676","$46,357,676"
The Kid,1921,8.3,,Charles Chaplin,Charles Chaplin,Charles Chaplin/Edna Purviance/Jackie Coogan/See full cast & crew,Comedy/Drama/Family,68 min,USA,None/English,"$250,000",,"$26,916"
Idi i smotri,1985,8.3,,Elem Klimov,Ales Adamovich/Ales Adamovich/1 more credit,Aleksey Kravchenko/Olga Mironova/Liubomiras Laucevicius/See full cast & crew,Drama/Thriller/War,142 min,Soviet Union,Russian/Belarusian/German,,"$71,909","$20,929,068"
Snatch,2000,8.3,IIB,Guy Ritchie,Guy Ritchie,Jason Statham/Brad Pitt/Benicio Del Toro/See full cast & crew,Comedy/Crime,104 min,UK/USA,English/Russian,"GBP6,000,000","$30,328,156","$83,557,872"
North by Northwest,1959,8.3,,Alfred Hitchcock,Ernest Lehman,Cary Grant/Eva Marie Saint/James Mason/See full cast & crew,Adventure/Mystery/Thriller,136 min,USA,English/French,"$3,101,000",,"$73,695"
A Clockwork Orange,1971,8.3,III,Stanley Kubrick,Stanley Kubrick/Anthony Burgess,Malcolm McDowell/Patrick Magee/Michael Bates/See full cast & crew,Crime/Drama/Sci-Fi,136 min,UK/USA,English,"$2,200,000","$26,589,355","$26,904,636"
Scarface,1983,8.3,IIB,Brian De Palma,Oliver Stone,Al Pacino/Michelle Pfeiffer/Steven Bauer/See full cast & crew,Crime/Drama,170 min,USA,English/Spanish,"$25,000,000","$45,408,703","$65,884,703"
Ikiru,1952,8.3,,Akira Kurosawa,Akira Kurosawa/Shinobu Hashimoto/1 more credit,Takashi Shimura/Nobuo Kaneko/Shin'ichi Himori/See full cast & crew,Drama,143 min,Japan,Japanese,,"$60,239","$96,302"
1917,2019,8.3,IIB,Sam Mendes,Sam Mendes/Krysty Wilson-Cairns,Dean-Charles Chapman/George MacKay/Daniel Mays/See full cast & crew,Drama/Thriller/War,119 min,USA/UK/India/Spain/Canada/China,English/French/German,"$95,000,000","$159,227,644","$384,877,984"
Taxi Driver,1976,8.2,IIB,Martin Scorsese,Paul Schrader,Robert De Niro/Jodie Foster/Cybill Shepherd/See full cast & crew,Crime/Drama,114 min,USA,English/Spanish,"$1,300,000","$28,262,574","$28,441,292"
Incendies,2010,8.3,R,Denis Villeneuve,Denis Villeneuve/Wajdi Mouawad/2 more credits,Lubna Azabal/Mélissa Désormeaux-Poulin/Maxim Gaudette/See full cast & crew,Drama/Mystery/War,131 min,Canada/France,French/Arabic/English,"$6,800,000","$2,071,334","$7,099,598"
Jodaeiye Nader az Simin,2011,8.3,PG-13,Asghar Farhadi,Asghar Farhadi,Payman Maadi/Leila Hatami/Sareh Bayat/See full cast & crew,Drama,123 min,Iran/France/Australia,Persian,"$500,000","$7,099,055","$22,926,076"
Lawrence of Arabia,1962,8.3,IIA,David Lean,T.E. Lawrence/Robert Bolt/1 more credit,Peter O'Toole/Alec Guinness/Anthony Quinn/See full cast & crew,Adventure/Biography/Drama/History/War,187 min,UK,English/Arabic/Turkish,"$15,000,000","$45,306,425","$45,715,757"
Toy Story 3,2010,8.2,I,Lee Unkrich,John Lasseter/Andrew Stanton/2 more credits,Tom Hanks/Tim Allen/Joan Cusack/See full cast & crew,Animation/Adventure/Comedy/Family/Fantasy,103 min,USA,English/Spanish,"$200,000,000","$415,004,880","$1,066,970,811"
The Sting,1973,8.3,,George Roy Hill,David S. Ward,Paul Newman/Robert Redford/Robert Shaw/See full cast & crew,Comedy/Crime/Drama,129 min,USA,English,"$5,500,000","$156,000,000","$156,000,000"
Amélie,2001,8.3,IIB,Jean-Pierre Jeunet,Guillaume Laurant/Jean-Pierre Jeunet/1 more credit,Audrey Tautou/Mathieu Kassovitz/Rufus/See full cast & crew,Comedy/Romance,122 min,France/Germany,French/Russian/English,"$10,000,000","$33,225,499","$173,924,742"
Metropolis,1927,8.3,,Fritz Lang,Thea von Harbou/Thea von Harbou,Brigitte Helm/Alfred Abel/Gustav Fröhlich/See full cast & crew,Drama/Sci-Fi,153 min,Germany,None/German,"DEM6,000,000","$1,236,166","$1,349,711"
Per qualche dollaro in più,1965,8.2,R,Sergio Leone,Sergio Leone/Fulvio Morsella/2 more credits,Clint Eastwood/Lee Van Cleef/Gian Maria Volontè/See full cast & crew,Western,132 min,Italy/Spain/West Germany,Italian/English,"$600,000","$15,000,000","$15,000,000"
The Apartment,1960,8.3,,Billy Wilder,Billy Wilder/I.A.L. Diamond,Jack Lemmon/Shirley MacLaine/Fred MacMurray/See full cast & crew,Comedy/Drama/Romance,125 min,USA,English,"$3,000,000","$18,600,000","$18,778,454"
Double Indemnity,1944,8.3,,Billy Wilder,Billy Wilder/Raymond Chandler/1 more credit,Fred MacMurray/Barbara Stanwyck/Edward G. Robinson/See full cast & crew,Crime/Drama/Film-Noir/Mystery/Thriller,107 min,USA,English,"$927,262",,"$13,886"
To Kill a Mockingbird,1962,8.2,,Robert Mulligan,Harper Lee/Horton Foote,Gregory Peck/John Megna/Frank Overton/See full cast & crew,Crime/Drama,129 min,USA,English,"$2,000,000","$592,237","$599,146"
Up,2009,8.2,I,Pete Docter/Bob Peterson,Pete Docter/Bob Peterson/3 more credits,Edward Asner/Jordan Nagai/John Ratzenberger/See full cast & crew,Animation/Adventure/Comedy/Family,96 min,USA,English,"$175,000,000","$293,004,164","$735,099,102"
Indiana Jones and the Last Crusade,1989,8.2,PG-13,Steven Spielberg,Jeffrey Boam/George Lucas/3 more credits,Harrison Ford/Sean Connery/Alison Doody/See full cast & crew,Action/Adventure,127 min,USA/UK,English/German/Greek/Arabic,"$48,000,000","$197,171,806","$474,171,806"
Heat,1995,8.2,IIB,Michael Mann,Michael Mann,Al Pacino/Robert De Niro/Val Kilmer/See full cast & crew,Crime/Drama/Thriller,170 min,USA,English/Spanish,"$60,000,000","$67,436,818","$187,436,818"
L.A. Confidential,1997,8.2,IIB,Curtis Hanson,James Ellroy/Brian Helgeland/1 more credit,Kevin Spacey/Russell Crowe/Guy Pearce/See full cast & crew,Crime/Drama/Mystery/Thriller,138 min,USA,English,"$35,000,000","$64,616,940","$126,216,940"
Green Book,2018,8.2,IIA,Peter Farrelly,Nick Vallelonga/Brian Hayes Currie/1 more credit,Viggo Mortensen/Mahershala Ali/Linda Cardellini/See full cast & crew,Biography/Comedy/Drama/Music,130 min,USA/China,English/Italian/Russian/German,"$23,000,000","$85,080,171","$321,752,656"
Die Hard,1988,8.2,IIB,John McTiernan,Roderick Thorp/Jeb Stuart/1 more credit,Bruce Willis/Alan Rickman/Bonnie Bedelia/See full cast & crew,Action/Thriller,132 min,USA,English/German/Italian/Japanese,"$28,000,000","$83,844,093","$141,603,197"
Monty Python and the Holy Grail,1975,8.2,,Terry Gilliam/Terry Jones,Graham Chapman/John Cleese/4 more credits,Graham Chapman/John Cleese/Eric Idle/See full cast & crew,Adventure/Comedy/Fantasy,91 min,UK,English/French/Latin,"GBP229,575","$1,827,696","$1,940,906"
Batman Begins,2005,8.2,IIA,Christopher Nolan,Bob Kane/David S. Goyer/2 more credits,Christian Bale/Michael Caine/Ken Watanabe/See full cast & crew,Action/Adventure,140 min,USA/UK,English/Mandarin,"$150,000,000","$206,852,432","$373,661,946"
Yôjinbô,1961,8.2,,Akira Kurosawa,Akira Kurosawa/Akira Kurosawa/1 more credit,Toshirô Mifune/Eijirô Tôno/Tatsuya Nakadai/See full cast & crew,Action/Drama/Thriller,110 min,Japan,Japanese,,"$46,808","$46,808"
Rashômon,1950,8.2,,Akira Kurosawa,Ryûnosuke Akutagawa/Akira Kurosawa/1 more credit,Toshirô Mifune/Machiko Kyô/Masayuki Mori/See full cast & crew,Crime/Drama/Mystery,88 min,Japan,Japanese,"$250,000","$46,808","$46,808"
Der Untergang,2004,8.2,IIB,Oliver Hirschbiegel,Bernd Eichinger/Joachim Fest/2 more credits,Bruno Ganz/Alexandra Maria Lara/Ulrich Matthes/See full cast & crew,Biography/Drama/History/War,156 min,Germany/Austria/Italy,German/Russian/French/English,"EUR13,500,000","$5,509,040","$92,181,574"
Bacheha-Ye aseman,1997,8.3,I,Majid Majidi,Majid Majidi,Mohammad Amir Naji/Amir Farrokh Hashemian/Bahare Seddiqi/See full cast & crew,Drama/Family/Sport,89 min,Iran,Persian,"$180,000","$933,933","$933,933"
Unforgiven,1992,8.2,R,Clint Eastwood,David Webb Peoples,Clint Eastwood/Gene Hackman/Morgan Freeman/See full cast & crew,Drama/Western,130 min,USA,English,"$14,400,000","$101,157,447","$159,157,447"
Ran,1985,8.2,,Akira Kurosawa,Akira Kurosawa/Hideo Oguni/2 more credits,Tatsuya Nakadai/Akira Terao/Jinpachi Nezu/See full cast & crew,Action/Drama/War,162 min,Japan/France,Japanese,"$11,500,000","$4,135,750","$4,164,283"
Some Like It Hot,1959,8.2,I,Billy Wilder,Billy Wilder/I.A.L. Diamond/2 more credits,Marilyn Monroe/Tony Curtis/Jack Lemmon/See full cast & crew,Comedy/Music/Romance,121 min,USA,English,"$2,883,848",,"$195,088"
Hauru no ugoku shiro,2004,8.2,PG,Hayao Miyazaki,Hayao Miyazaki/Diana Wynne Jones,Chieko Baishô/Takuya Kimura/Tatsuya Gashûin/See full cast & crew,Animation/Adventure/Family/Fantasy,119 min,Japan/USA,Japanese,"$24,000,000","$5,576,743","$236,214,446"
All About Eve,1950,8.2,,Joseph L. Mankiewicz,Joseph L. Mankiewicz,Bette Davis/Anne Baxter/George Sanders/See full cast & crew,Drama,138 min,USA,English/French,"$1,400,000","$63,463","$151,052"
Casino,1995,8.2,III,Martin Scorsese,Nicholas Pileggi/Nicholas Pileggi/1 more credit,Robert De Niro/Sharon Stone/Joe Pesci/See full cast & crew,Crime/Drama,178 min,USA/France,English,"$52,000,000","$42,512,375","$116,112,375"
A Beautiful Mind,2001,8.2,IIA,Ron Howard,Akiva Goldsman/Sylvia Nasar,Russell Crowe/Ed Harris/Jennifer Connelly/See full cast & crew,Biography/Drama,135 min,USA,English,"$58,000,000","$170,742,341","$316,791,257"
The Wolf of Wall Street,2013,8.2,III,Martin Scorsese,Terence Winter/Jordan Belfort,Leonardo DiCaprio/Jonah Hill/Margot Robbie/See full cast & crew,Biography/Crime/Drama,180 min,USA,English/French,"$100,000,000","$116,900,694","$392,000,694"
The Great Escape,1963,8.2,,John Sturges,Paul Brickhill/James Clavell/1 more credit,Steve McQueen/James Garner/Richard Attenborough/See full cast & crew,Adventure/Drama/History/Thriller/War,172 min,USA,English/German/French/Russian/Spanish,"$4,000,000",,"$227,940"
Pan's Labyrinth,2006,8.2,IIB,Guillermo del Toro,Guillermo del Toro,Ivana Baquero/Ariadna Gil/Sergi López/See full cast & crew,Drama/Fantasy/War,118 min,Mexico/Spain,Spanish,"$19,000,000","$37,634,615","$83,850,267"
El secreto de sus ojos,2009,8.2,III,Juan José Campanella,Eduardo Sacheri/Juan José Campanella/1 more credit,Ricardo Darín/Soledad Villamil/Pablo Rago/See full cast & crew,Drama/Mystery/Romance/Thriller,129 min,Argentina/Spain,Spanish,"$2,000,000","$6,391,436","$35,079,650"
There Will Be Blood,2007,8.2,IIA,Paul Thomas Anderson,Paul Thomas Anderson/Upton Sinclair,Daniel Day-Lewis/Paul Dano/Ciarán Hinds/See full cast & crew,Drama,158 min,USA,English/American Sign Language,"$25,000,000","$40,222,514","$76,181,545"
"Lock, Stock and Two Smoking Barrels",1998,8.2,IIB,Guy Ritchie,Guy Ritchie,Jason Flemyng/Dexter Fletcher/Nick Moran/See full cast & crew,Action/Comedy/Crime,107 min,UK,English,"GBP960,000","$3,753,929","$3,753,929"
Judgment at Nuremberg,1961,8.2,,Stanley Kramer,Abby Mann/Abby Mann,Spencer Tracy/Burt Lancaster/Richard Widmark/See full cast & crew,Drama/War,179 min,USA,English/German,"$3,000,000",,"$12,180"
Tonari no Totoro,1988,8.2,I,Hayao Miyazaki,Hayao Miyazaki,Hitoshi Takagi/Noriko Hidaka/Chika Sakamoto/See full cast & crew,Animation/Family/Fantasy,86 min,Japan,Japanese,"$3,700,000","$2,250,213","$30,550,748"
Raging Bull,1980,8.2,,Martin Scorsese,Jake LaMotta/Joseph Carter/3 more credits,Robert De Niro/Cathy Moriarty/Joe Pesci/See full cast & crew,Biography/Drama/Sport,129 min,USA,English,"$18,000,000","$23,383,987","$23,402,427"
The Treasure of the Sierra Madre,1948,8.2,IIA,John Huston,John Huston/B. Traven,Humphrey Bogart/Walter Huston/Tim Holt/See full cast & crew,Adventure/Drama/Western,126 min,USA/Mexico,English/Spanish,"$3,000,000","$5,014,000","$5,014,000"
Dial M for Murder,1954,8.2,,Alfred Hitchcock,Frederick Knott/Frederick Knott,Ray Milland/Grace Kelly/Robert Cummings/See full cast & crew,Crime/Thriller,105 min,USA,English,"$1,400,000","$12,562","$18,816"
"Three Billboards Outside Ebbing, Missouri",2017,8.1,IIB,Martin McDonagh,Martin McDonagh,Frances McDormand/Woody Harrelson/Sam Rockwell/See full cast & crew,Comedy/Crime/Drama,115 min,UK/USA,English,"$15,000,000","$54,513,740","$160,192,031"
Shutter Island,2010,8.2,R,Martin Scorsese,Laeta Kalogridis/Dennis Lehane,Leonardo DiCaprio/Emily Mortimer/Mark Ruffalo/See full cast & crew,Mystery/Thriller,138 min,USA,English/German,"$80,000,000","$128,012,934","$294,805,697"
The Gold Rush,1925,8.2,,Charles Chaplin,Charles Chaplin,Charles Chaplin/Mack Swain/Tom Murray/See full cast & crew,Adventure/Comedy/Drama/Western,95 min,USA,None/English,"$923,000",,"$26,916"
Chinatown,1974,8.1,,Roman Polanski,Robert Towne,Jack Nicholson/Faye Dunaway/John Huston/See full cast & crew,Drama/Mystery/Thriller,130 min,USA,English/Cantonese/Spanish,"$6,000,000","$29,200,000","$29,225,935"
Babam ve Oglum,2005,8.3,,Çagan Irmak,Çagan Irmak,Eser Sariyar/Çetin Tekindor/Fikret Kuskan/See full cast & crew,Drama/Family,112 min,Turkey,Turkish,,,"$18,612,999"
No Country for Old Men,2007,8.1,IIB,Ethan Coen/Joel Coen,Joel Coen/Ethan Coen/1 more credit,Tommy Lee Jones/Javier Bardem/Josh Brolin/See full cast & crew,Crime/Drama/Thriller,122 min,USA/Mexico,English/Spanish,"$25,000,000","$74,283,625","$171,627,166"
V for Vendetta,2005,8.2,IIB,James McTeigue,Lilly Wachowski/Lana Wachowski/1 more credit,Hugo Weaving/Natalie Portman/Rupert Graves/See full cast & crew,Action/Drama/Sci-Fi/Thriller,132 min,USA/UK/Germany,English,"$54,000,000","$70,511,035","$132,511,035"
Inside Out,2015,8.1,I,Pete Docter/Ronnie Del Carmen,Pete Docter/Ronnie Del Carmen/7 more credits,Amy Poehler/Bill Hader/Lewis Black/See full cast & crew,Animation/Adventure/Comedy/Drama/Family/Fantasy,95 min,USA,English/Portuguese,"$175,000,000","$356,921,711","$858,071,350"
The Elephant Man,1980,8.1,II,David Lynch,Christopher De Vore/Eric Bergren/3 more credits,Anthony Hopkins/John Hurt/Anne Bancroft/See full cast & crew,Biography/Drama,124 min,USA/UK,English/French,"$5,000,000","$26,010,864","$26,023,461"
The Thing,1982,8.1,III,John Carpenter,Bill Lancaster/John W. Campbell Jr.,Kurt Russell/Wilford Brimley/Keith David/See full cast & crew,Horror/Mystery/Sci-Fi,109 min,USA/Antarctica,English/Norwegian,"$15,000,000","$19,629,760","$19,632,053"
Det sjunde inseglet,1957,8.2,,Ingmar Bergman,Ingmar Bergman/Ingmar Bergman,Max von Sydow/Gunnar Björnstrand/Bengt Ekerot/See full cast & crew,Drama/Fantasy/History/Thriller,96 min,Sweden,Swedish/Latin,"$150,000",,"$230,571"
Warrior,2011,8.2,IIB,Gavin O'Connor,Gavin O'Connor/Anthony Tambakis/3 more credits,Tom Hardy/Nick Nolte/Joel Edgerton/See full cast & crew,Action/Drama/Sport,140 min,USA,English/Spanish,"$25,000,000","$13,657,115","$23,308,615"
The Sixth Sense,1999,8.1,IIB,M. Night Shyamalan,M. Night Shyamalan,Bruce Willis/Haley Joel Osment/Toni Collette/See full cast & crew,Drama/Mystery/Thriller,107 min,USA,English/Latin/Spanish,"$40,000,000","$293,506,292","$672,806,292"
Jurassic Park,1993,8.1,II,Steven Spielberg,Michael Crichton/Michael Crichton/1 more credit,Sam Neill/Laura Dern/Jeff Goldblum/See full cast & crew,Action/Adventure/Sci-Fi/Thriller,127 min,USA,English/Spanish,"$63,000,000","$404,214,720","$1,033,928,303"
Trainspotting,1996,8.1,III,Danny Boyle,Irvine Welsh/John Hodge,Ewan McGregor/Ewen Bremner/Jonny Lee Miller/See full cast & crew,Drama,93 min,UK,English,"GBP1,500,000","$16,491,080","$16,593,356"
Klaus,2019,8.2,PG,Sergio Pablos/Carlos Martínez López,Sergio Pablos/Sergio Pablos/2 more credits,Jason Schwartzman/J.K. Simmons/Rashida Jones/See full cast & crew,Animation/Adventure/Comedy/Family,96 min,Spain/UK/USA,English/Saami,"$40,000,000",,
The Truman Show,1998,8.1,I,Peter Weir,Andrew Niccol,Jim Carrey/Ed Harris/Laura Linney/See full cast & crew,Comedy/Drama,103 min,USA,English,"$60,000,000","$125,618,201","$264,118,201"
Gone with the Wind,1939,8.1,I,Victor Fleming/George Cukor/1 more credit,Margaret Mitchell/Sidney Howard,Clark Gable/Vivien Leigh/Thomas Mitchell/See full cast & crew,Drama/History/Romance/War,238 min,USA,English,"$3,977,000","$200,852,579","$400,176,459"
Finding Nemo,2003,8.1,I,Andrew Stanton/Lee Unkrich,Andrew Stanton/Andrew Stanton/2 more credits,Albert Brooks/Ellen DeGeneres/Alexander Gould/See full cast & crew,Animation/Adventure/Comedy/Family,100 min,USA/Australia,English,"$94,000,000","$380,843,261","$940,352,645"
Smultronstället,1957,8.2,,Ingmar Bergman,Ingmar Bergman,Victor Sjöström/Bibi Andersson/Ingrid Thulin/See full cast & crew,Drama/Romance,91 min,Sweden,Swedish/Latin,,,"$14,524"
Stalker,1979,8.2,I,Andrei Tarkovsky,Arkadiy Strugatskiy/Boris Strugatskiy/2 more credits,Alisa Freyndlikh/Aleksandr Kaydanovskiy/Anatoliy Solonitsyn/See full cast & crew,Drama/Sci-Fi,162 min,Soviet Union,Russian,"RUR6,000,000","$292,049","$303,815"
Blade Runner,1982,8.1,R,Ridley Scott,Hampton Fancher/David Webb Peoples/1 more credit,Harrison Ford/Rutger Hauer/Sean Young/See full cast & crew,Action/Sci-Fi/Thriller,117 min,USA,English/German/Cantonese/Japanese/Hungarian/Arabic,"$28,000,000","$32,868,943","$41,675,721"
Kill Bill: Vol. 1,2003,8.1,III,Quentin Tarantino,Quentin Tarantino/Quentin Tarantino/1 more credit,Uma Thurman/David Carradine/Daryl Hannah/See full cast & crew,Action/Crime/Drama/Thriller,111 min,USA/Japan,English/Japanese/French,"$30,000,000","$70,099,045","$180,901,731"
Salinui chueok,2003,8.1,IIB,Bong Joon Ho,Bong Joon Ho/Kwang-rim Kim/1 more credit,Kang-ho Song/Kim Sang-kyung/Roe-ha Kim/See full cast & crew,Crime/Drama/Mystery/Thriller,131 min,South Korea,Korean/English,"$2,800,000","$15,357","$1,159,644"
The Bridge on the River Kwai,1957,8.1,PG,David Lean,Pierre Boulle/Carl Foreman/1 more credit,William Holden/Alec Guinness/Jack Hawkins/See full cast & crew,Adventure/Drama/War,161 min,UK/USA,English/Japanese/Thai,"$3,000,000","$27,200,000","$27,200,000"
Fargo,1996,8.1,III,Joel Coen/Ethan Coen,Ethan Coen/Joel Coen,William H. Macy/Frances McDormand/Steve Buscemi/See full cast & crew,Crime/Drama/Thriller,98 min,USA/UK,English,"$7,000,000","$24,611,975","$60,611,975"
Room,2015,8.1,IIA,Lenny Abrahamson,Emma Donoghue/Emma Donoghue,Brie Larson/Jacob Tremblay/Sean Bridgers/See full cast & crew,Drama/Thriller,118 min,Canada/Ireland/UK/USA,English,"$13,000,000","$14,677,654","$35,401,758"
Relatos salvajes,2014,8.1,IIB,Damián Szifron,Germán Servidio/Damián Szifron,Darío Grandinetti/María Marull/Mónica Villa/See full cast & crew,Comedy/Drama/Thriller,122 min,Argentina/Spain/France/UK,Spanish,"$3,300,000","$3,106,530","$30,642,704"
Gran Torino,2008,8.1,IIB,Clint Eastwood,Nick Schenk/Dave Johannson/1 more credit,Clint Eastwood/Bee Vang/Christopher Carley/See full cast & crew,Drama,116 min,Germany/USA,English/Hmong,"$33,000,000","$148,095,302","$269,958,228"
The Third Man,1949,8.1,,Carol Reed,Graham Greene/Graham Greene,Orson Welles/Joseph Cotten/Alida Valli/See full cast & crew,Film-Noir/Mystery/Thriller,104 min,UK,English/German/Russian,,"$1,067,364","$1,226,098"
Tôkyô monogatari,1953,8.2,I,Yasujirô Ozu,Kôgo Noda/Yasujirô Ozu,Chishû Ryû/Chieko Higashiyama/Sô Yamamura/See full cast & crew,Drama,136 min,Japan,Japanese/English,,,"$40,468"
On the Waterfront,1954,8.1,,Elia Kazan,Budd Schulberg/Budd Schulberg/1 more credit,Marlon Brando/Karl Malden/Lee J. Cobb/See full cast & crew,Crime/Drama/Thriller,108 min,USA,English,"$910,000",,
The Deer Hunter,1978,8.1,III,Michael Cimino,Michael Cimino/Deric Washburn/3 more credits,Robert De Niro/Christopher Walken/John Cazale/See full cast & crew,Drama/War,183 min,USA,English/Vietnamese/French/Russian/Cantonese,"$15,000,000","$48,979,328","$49,074,243"
Ratsasan,2018,8.6,,Ram Kumar,Ram Kumar,Vishnu Vishal/Amala Paul/Radha Ravi/See full cast & crew,Action/Crime/Thriller,170 min,India,Tamil,,,
In the Name of the Father,1993,8.1,R,Jim Sheridan,Gerry Conlon/Terry George/1 more credit,Daniel Day-Lewis/Pete Postlethwaite/Alison Crosbie/See full cast & crew,Biography/Crime/Drama,133 min,Ireland/UK,English,"$13,000,000","$25,096,862","$65,796,862"
Mary and Max,2009,8.1,,Adam Elliot,Adam Elliot,Toni Collette/Philip Seymour Hoffman/Eric Bana/See full cast & crew,Animation/Comedy/Drama/Family,92 min,Australia/USA,English/Yiddish,"AUD8,240,000",,"$1,740,429"
The Grand Budapest Hotel,2014,8.1,IIB,Wes Anderson,Stefan Zweig/Wes Anderson/2 more credits,Ralph Fiennes/F. Murray Abraham/Mathieu Amalric/See full cast & crew,Adventure/Comedy/Crime,99 min,Germany/USA,English/French/German,"$25,000,000","$59,301,324","$172,945,750"
Before Sunrise,1995,8.1,IIA,Richard Linklater,Richard Linklater/Kim Krizan,Ethan Hawke/Julie Delpy/Andrea Eckert/See full cast & crew,Drama/Romance,101 min,USA/Austria/Switzerland,English/German/French,"$2,500,000","$5,535,405","$5,987,386"
Gone Girl,2014,8.1,III,David Fincher,Gillian Flynn/Gillian Flynn,Ben Affleck/Rosamund Pike/Neil Patrick Harris/See full cast & crew,Drama/Mystery/Thriller,149 min,USA,English,"$61,000,000","$167,767,189","$369,330,363"
Catch Me If You Can,2002,8.1,IIA,Steven Spielberg,Jeff Nathanson/Frank Abagnale Jr./1 more credit,Leonardo DiCaprio/Tom Hanks/Christopher Walken/See full cast & crew,Biography/Crime/Drama,141 min,USA/Canada,English/French,"$52,000,000","$164,615,351","$352,114,312"
Hacksaw Ridge,2016,8.1,IIB,Mel Gibson,Robert Schenkkan/Andrew Knight,Andrew Garfield/Sam Worthington/Luke Bracey/See full cast & crew,Biography/Drama/History/War,139 min,Australia/USA,English/Japanese,"$40,000,000","$67,209,615","$180,450,918"
Prisoners,2013,8.1,IIB,Denis Villeneuve,Aaron Guzikowski,Hugh Jackman/Jake Gyllenhaal/Viola Davis/See full cast & crew,Crime/Drama/Mystery/Thriller,153 min,USA,English,"$46,000,000","$61,002,302","$122,126,687"
Persona,1966,8.1,,Ingmar Bergman,Ingmar Bergman,Bibi Andersson/Liv Ullmann/Margaretha Krook/See full cast & crew,Drama/Thriller,85 min,Sweden,Swedish/English,,,"$49,375"
Andhadhun,2018,8.3,,Sriram Raghavan,Arijit Biswas/Yogesh Chandekar/4 more credits,Ayushmann Khurrana/Tabu/Radhika Apte/See full cast & crew,Crime/Drama/Music/Mystery/Thriller,139 min,India,Hindi/English,"$4,500,000","$1,193,046","$62,475,342"
Anand,1971,8.3,,Hrishikesh Mukherjee,Hrishikesh Mukherjee/Hrishikesh Mukherjee/4 more credits,Rajesh Khanna/Amitabh Bachchan/Sumita Sanyal/See full cast & crew,Drama/Musical,122 min,India,Hindi,"INR3,000,000",,
Sherlock Jr.,1924,8.2,,Buster Keaton,Jean C. Havez/Joseph A. Mitchell/1 more credit,Buster Keaton/Kathryn McGuire/Joe Keaton/See full cast & crew,Action/Comedy/Romance,45 min,USA,None/English,,"$977,375",
The Big Lebowski,1998,8.1,IIB,Joel Coen/Ethan Coen,Ethan Coen/Joel Coen,Jeff Bridges/John Goodman/Julianne Moore/See full cast & crew,Comedy/Crime/Sport,117 min,USA/UK,English/German/Hebrew/Spanish,"$15,000,000","$18,034,458","$46,739,566"
Höstsonaten,1978,8.2,,Ingmar Bergman,Ingmar Bergman,Ingrid Bergman/Liv Ullmann/Lena Nyman/See full cast & crew,Drama/Music,99 min,West Germany/Sweden/UK,Swedish/English,,,"$14,338"
To Be or Not to Be,1942,8.2,,Ernst Lubitsch,Melchior Lengyel/Edwin Justus Mayer,Carole Lombard/Jack Benny/Robert Stack/See full cast & crew,Comedy/War,99 min,USA,English/German,,"$3,270,000","$4,578,000"
The General,1926,8.1,,Clyde Bruckman/Buster Keaton,Buster Keaton/Clyde Bruckman/2 more credits,Buster Keaton/Marion Mack/Glen Cavender/See full cast & crew,Action/Adventure/Comedy/Drama/War,67 min,USA,None/English,"$750,000",,
Barry Lyndon,1975,8.1,,Stanley Kubrick,Stanley Kubrick/William Makepeace Thackeray,Ryan O'Neal/Marisa Berenson/Patrick Magee/See full cast & crew,Adventure/Drama/History/War,185 min,UK/USA,English/German/French,"$11,000,000",,"$198,992"
How to Train Your Dragon,2010,8.1,IIA,Dean DeBlois/Chris Sanders,William Davies/Dean DeBlois/3 more credits,Jay Baruchel/Gerard Butler/Christopher Mintz-Plasse/See full cast & crew,Animation/Action/Adventure/Family/Fantasy,98 min,USA,English,"$165,000,000","$217,581,231","$494,878,759"
Ford v Ferrari,2019,8.1,IIA,James Mangold,Jez Butterworth/John-Henry Butterworth/1 more credit,Matt Damon/Christian Bale/Jon Bernthal/See full cast & crew,Action/Biography/Drama/Sport,152 min,USA,English/Italian/French/Japanese,"$97,600,000","$117,624,357","$225,508,210"
Eskiya,1996,8.2,,Yavuz Turgul,Yavuz Turgul,Sener Sen/Ugur Yücel/Sermin Hürmeriç/See full cast & crew,Crime/Drama/Thriller,128 min,Turkey/France/Bulgaria,Turkish,"TRL1,200,000",,
12 Years a Slave,2013,8.1,IIB,Steve McQueen,John Ridley/Solomon Northup,Chiwetel Ejiofor/Michael Kenneth Williams/Michael Fassbender/See full cast & crew,Biography/Drama/History,134 min,USA/UK,English,"$20,000,000","$56,671,993","$187,733,202"
Mr. Smith Goes to Washington,1939,8.1,,Frank Capra,Sidney Buchman/Lewis R. Foster,James Stewart/Jean Arthur/Claude Rains/See full cast & crew,Comedy/Drama,129 min,USA,English,"$1,900,000","$144,738","$144,738"
Mad Max: Fury Road,2015,8.1,IIB,George Miller,George Miller/Brendan McCarthy/1 more credit,Tom Hardy/Charlize Theron/Nicholas Hoult/See full cast & crew,Action/Adventure/Sci-Fi/Thriller,120 min,Australia/South Africa/USA,English/Russian,"$150,000,000","$154,058,340","$376,064,156"
Dead Poets Society,1989,8.1,,Peter Weir,Tom Schulman,Robin Williams/Robert Sean Leonard/Ethan Hawke/See full cast & crew,Comedy/Drama,128 min,USA,English/Latin,"$16,400,000","$95,860,116","$235,860,116"
Million Dollar Baby,2004,8.1,IIB,Clint Eastwood,Paul Haggis/F.X. Toole,Hilary Swank/Clint Eastwood/Morgan Freeman/See full cast & crew,Drama/Sport,132 min,USA,English/Irish,"$30,000,000","$100,492,203","$216,763,646"
Network,1976,8.1,R,Sidney Lumet,Paddy Chayefsky,Faye Dunaway/William Holden/Peter Finch/See full cast & crew,Drama,121 min,USA,English,"$3,800,000","$23,689,877","$23,690,757"
Stand by Me,1986,8.1,II,Rob Reiner,Stephen King/Raynold Gideon/1 more credit,Wil Wheaton/River Phoenix/Corey Feldman/See full cast & crew,Adventure/Drama,89 min,USA,English,"$8,000,000","$52,287,414","$52,287,414"
Harry Potter and the Deathly Hallows: Part 2,2011,8.1,IIA,David Yates,Steve Kloves/J.K. Rowling,Daniel Radcliffe/Emma Watson/Rupert Grint/See full cast & crew,Adventure/Drama/Fantasy/Mystery,130 min,UK,English,"$125,000,000","$381,409,310","$1,342,223,936"
Ben-Hur,1959,8.1,,William Wyler,Lew Wallace/Karl Tunberg,Charlton Heston/Jack Hawkins/Stephen Boyd/See full cast & crew,Adventure/Drama/History,212 min,USA,English,"$15,000,000","$74,422,622","$74,427,638"
Hachi: A Dog's Tale,2009,8.1,I,Lasse Hallström,Stephen P. Lindsey/Kaneto Shindô,Richard Gere/Joan Allen/Cary-Hiroyuki Tagawa/See full cast & crew,Biography/Drama/Family,93 min,UK/USA,English/Japanese,"$16,000,000",,"$46,749,646"
Cool Hand Luke,1967,8.1,,Stuart Rosenberg,Donn Pearce/Frank Pierson/1 more credit,Paul Newman/George Kennedy/Strother Martin/See full cast & crew,Crime/Drama,127 min,USA,English,"$3,200,000",,
Soul,2020,8.1,PG,Pete Docter/Kemp Powers,Pete Docter/Mike Jones/1 more credit,Jamie Foxx/Tina Fey/Graham Norton/See full cast & crew,Animation/Adventure/Comedy/Family/Fantasy/Music,100 min,USA,English,,,"$108,200,000"
Ah-ga-ssi,2016,8.1,III,Chan-wook Park,Sarah Waters/Seo-kyeong Jeong/1 more credit,Min-hee Kim/Jung-woo Ha/Cho Jin-woong/See full cast & crew,Drama/Romance/Thriller,145 min,South Korea,Korean/Japanese,"KRW10,000,000,000","$2,006,788","$37,767,206"
Platoon,1986,8.1,IIB,Oliver Stone,Oliver Stone,Charlie Sheen/Tom Berenger/Willem Dafoe/See full cast & crew,Drama/War,120 min,USA/UK,English/Vietnamese,"$6,000,000","$138,530,565","$138,545,632"
Logan,2017,8.1,III,James Mangold,James Mangold/Scott Frank/2 more credits,Hugh Jackman/Patrick Stewart/Dafne Keen/See full cast & crew,Action/Drama/Sci-Fi/Thriller,137 min,USA,English/Spanish,"$97,000,000","$226,277,068","$619,179,950"
Into the Wild,2007,8.1,R,Sean Penn,Sean Penn/Jon Krakauer,Emile Hirsch/Vince Vaughn/Catherine Keener/See full cast & crew,Adventure/Biography/Drama,148 min,USA,English/Danish,"$15,000,000","$18,354,356","$56,675,895"
Rush,2013,8.1,IIB,Ron Howard,Peter Morgan,Daniel Brühl/Chris Hemsworth/Olivia Wilde/See full cast & crew,Action/Biography/Drama/Sport,123 min,UK/Germany/USA,English/German/Italian/French/Spanish,"$38,000,000","$26,947,624","$96,983,009"
Le salaire de la peur,1953,8.1,,Henri-Georges Clouzot,Georges Arnaud/Henri-Georges Clouzot/1 more credit,Yves Montand/Charles Vanel/Peter van Eyck/See full cast & crew,Adventure/Drama/Thriller,131 min,France/Italy,French/English/Spanish/German/Italian/Russian,,,"$1,098"
Life of Brian,1979,8.1,,Terry Jones,Graham Chapman/John Cleese/4 more credits,Graham Chapman/John Cleese/Michael Palin/See full cast & crew,Comedy,94 min,UK,English/Latin,"$4,000,000","$20,206,622","$20,741,055"
La haine,1995,8.1,,Mathieu Kassovitz,Mathieu Kassovitz,Vincent Cassel/Hubert Koundé/Saïd Taghmaoui/See full cast & crew,Crime/Drama,98 min,France,French,"EUR2,590,000","$280,859","$302,606"
Les quatre cents coups,1959,8.1,,François Truffaut,François Truffaut/Marcel Moussy/2 more credits,Jean-Pierre Léaud/Albert Rémy/Claire Maurier/See full cast & crew,Crime/Drama,99 min,France,French/English,,$509,"$127,244"
La passion de Jeanne d'Arc,1928,8.1,,Carl Theodor Dreyer,Joseph Delteil/Carl Theodor Dreyer,Maria Falconetti/Eugene Silvain/André Berley/See full cast & crew,Biography/Drama/History,110 min,France,None/French,,"$21,877","$21,877"
Spotlight,2015,8.1,IIB,Tom McCarthy,Josh Singer/Tom McCarthy,Mark Ruffalo/Michael Keaton/Rachel McAdams/See full cast & crew,Biography/Crime/Drama,129 min,USA,English,"$20,000,000","$45,055,776","$98,690,254"
Hotel Rwanda,2004,8.1,PG-13,Terry George,Keir Pearson/Terry George,Don Cheadle/Sophie Okonedo/Joaquin Phoenix/See full cast & crew,Biography/Drama/History/War,121 min,UK/South Africa/Italy/USA,English/French/Kinyarwanda,"$17,500,000","$23,530,892","$33,882,243"
Amores perros,2000,8.1,III,Alejandro G. Iñárritu,Guillermo Arriaga,Emilio Echevarría/Gael García Bernal/Goya Toledo/See full cast & crew,Drama/Thriller,154 min,Mexico,Spanish,"$2,000,000","$5,408,467","$20,908,467"
Gangs of Wasseypur,2012,8.2,,Anurag Kashyap,Akhilesh Jaiswal/Anurag Kashyap/2 more credits,Manoj Bajpayee/Richa Chadha/Nawazuddin Siddiqui/See full cast & crew,Action/Comedy/Crime/Drama/Thriller,321 min,India,Hindi,"INR184,000,000",,"$4,384,642"
Andrei Rublev,1966,8.1,IIA,Andrei Tarkovsky,Andrey Konchalovskiy/Andrei Tarkovsky,Anatoliy Solonitsyn/Ivan Lapikov/Nikolay Grinko/See full cast & crew,Biography/Drama/History,165 min,Soviet Union,Russian/Italian/Tatar,"RUR1,000,000","$124,189","$145,491"
Rocky,1976,8.1,I,John G. Avildsen,Sylvester Stallone,Sylvester Stallone/Talia Shire/Burt Young/See full cast & crew,Drama/Sport,120 min,USA,English,"$960,000","$117,235,147","$117,250,382"
"Monsters, Inc.",2001,8.1,I,Pete Docter/David Silverman/1 more credit,Pete Docter/Jill Culton/4 more credits,Billy Crystal/John Goodman/Mary Gibbs/See full cast & crew,Animation/Adventure/Comedy/Family/Fantasy,92 min,USA,English,"$115,000,000","$290,642,256","$579,707,738"
Kaze no tani no Naushika,1984,8.1,PG,Hayao Miyazaki,Hayao Miyazaki/Hayao Miyazaki/2 more credits,Sumi Shimamoto/Mahito Tsujimura/Hisako Kyôda/See full cast & crew,Animation/Adventure/Fantasy/Sci-Fi,117 min,Japan,Japanese,"$1,000,000","$495,770","$8,736,506"
Dom za vesanje,1988,8.2,,Emir Kusturica,Emir Kusturica/Gordan Mihic,Davor Dujmovic/Bora Todorovic/Ljubica Adzovic/See full cast & crew,Comedy/Crime/Drama/Fantasy,142 min,Yugoslavia/Italy/UK,Macedonian/Slovenian/Romany/Serbo-Croatian/Italian/English/German,,"$280,015",
Rebecca,1940,8.1,,Alfred Hitchcock,Daphne Du Maurier/Robert E. Sherwood/3 more credits,Laurence Olivier/Joan Fontaine/George Sanders/See full cast & crew,Drama/Mystery/Romance/Thriller,130 min,USA,English/French,"$1,288,000",,"$72,275"
Before Sunset,2004,8.1,R,Richard Linklater,Richard Linklater/Julie Delpy/5 more credits,Ethan Hawke/Julie Delpy/Vernon Dobtcheff/See full cast & crew,Drama/Romance,80 min,USA/France,English/French,"$2,700,000","$5,820,649","$15,936,507"
Rang De Basanti,2006,8.2,,Rakeysh Omprakash Mehra,Renzil D'Silva/Prasoon Joshi/2 more credits,Aamir Khan/Soha Ali Khan/Siddharth/See full cast & crew,Comedy/Crime/Drama,167 min,India,Hindi,,"$2,197,694","$10,800,778"
Du rififi chez les hommes,1955,8.1,,Jules Dassin,Auguste Le Breton/Jules Dassin/3 more credits,Jean Servais/Carl Möhner/Robert Manuel/See full cast & crew,Crime/Drama/Thriller,118 min,France,French/Italian/English,,"$517,975","$521,342"
Fa yeung nin wah,2000,8.1,IIA,Kar-Wai Wong,Kar-Wai Wong,Tony Chiu-Wai Leung/Maggie Cheung/Ping Lam Siu/See full cast & crew,Drama/Romance,98 min,Hong Kong/China,Cantonese/Shanghainese/French/Spanish,,"$2,738,980","$13,676,467"
"Paris, Texas",1984,8.1,,Wim Wenders,L.M. Kit Carson/Sam Shepard/1 more credit,Harry Dean Stanton/Nastassja Kinski/Dean Stockwell/See full cast & crew,Drama,145 min,West Germany/France/UK,English/Spanish,"GBP1,162,000","$2,181,987","$2,206,121"
Drishyam,2013,8.4,,Jeethu Joseph,Raaju Bonagaani/Jeethu Joseph,Mohanlal/Meena/Asha Sharath/See full cast & crew,Crime/Drama/Thriller,,India,Malayalam,"INR35,000,000",,"$13,076,265"
It Happened One Night,1934,8.1,,Frank Capra,Robert Riskin/Samuel Hopkins Adams,Clark Gable/Claudette Colbert/Walter Connolly/See full cast & crew,Comedy/Romance,105 min,USA,English,"$325,000",,
Portrait de la jeune fille en feu,2019,8.1,IIB,Céline Sciamma,Céline Sciamma,Noémie Merlant/Adèle Haenel/Luàna Bajrami/See full cast & crew,Drama/Romance,122 min,France,French/Italian,,"$3,759,854","$10,043,341"
Drishyam,2015,8.2,IIA,Nishikant Kamat,Jeethu Joseph/Upendra Sidhaye/1 more credit,Ajay Devgn/Shriya Saran/Tabu/See full cast & crew,Crime/Drama/Mystery/Thriller,163 min,India,Hindi/English,"$9,400,000",,
Contratiempo,2016,8.1,IIA,Oriol Paulo,Oriol Paulo,Mario Casas/Ana Wagener/Jose Coronado/See full cast & crew,Crime/Drama/Mystery/Thriller,106 min,Spain,Spanish,"EUR4,000,000",,"$31,191,910"
Koe no katachi,2016,8.1,IIA,Naoko Yamada,Yoshitoki Oima/Reiko Yoshida/1 more credit,Miyu Irino/Saori Hayami/Aoi Yûki/See full cast & crew,Animation/Drama/Family/Romance,130 min,Japan,Japanese/Japanese Sign Language,,"$644,391","$30,490,447"
La battaglia di Algeri,1966,8.1,,Gillo Pontecorvo,Franco Solinas/Franco Solinas/1 more credit,Brahim Hadjadj/Jean Martin/Yacef Saadi/See full cast & crew,Drama/War,121 min,Italy/Algeria,Arabic/French/English,"$800,000","$879,794","$964,028"
Miracle in cell NO.7,2019,8.2,,Mehmet Ada Öztekin,Özge Efendioglu/Kubilay Tat,Aras Bulut Iynemli/Nisa Sofiya Aksongur/Deniz Baysal/See full cast & crew,Drama,132 min,Turkey,Turkish,,,"$17,163,660"
The Help,2011,8.0,PG-13,Tate Taylor,Tate Taylor/Kathryn Stockett,Emma Stone/Viola Davis/Octavia Spencer/See full cast & crew,Drama,146 min,USA,English,"$25,000,000","$169,708,112","$216,639,112"
